Timestamp,User Count,Type,Name,Requests/s,Failures/s,50%,66%,75%,80%,90%,95%,98%,99%,99.9%,99.99%,100%,Total Request Count,Total Failure Count,Total Median Response Time,Total Average Response Time,Total Min Response Time,Total Max Response Time,Total Average Content Size
1778697205,0,,Aggregated,0.000000,0.000000,N/A,N/A,N/A,N/A,N/A,N/A,N/A,N/A,N/A,N/A,N/A,0,0,0,0.0,0,0,0
1778697206,3,,Aggregated,0.000000,0.000000,N/A,N/A,N/A,N/A,N/A,N/A,N/A,N/A,N/A,N/A,N/A,0,0,0,0.0,0,0,0
1778697207,6,,Aggregated,0.000000,0.000000,N/A,N/A,N/A,N/A,N/A,N/A,N/A,N/A,N/A,N/A,N/A,0,0,0,0.0,0,0,0
1778697208,9,,Aggregated,0.000000,0.000000,N/A,N/A,N/A,N/A,N/A,N/A,N/A,N/A,N/A,N/A,N/A,0,0,0,0.0,0,0,0
1778697209,12,,Aggregated,0.000000,0.000000,N/A,N/A,N/A,N/A,N/A,N/A,N/A,N/A,N/A,N/A,N/A,0,0,0,0.0,0,0,0
1778697210,18,,Aggregated,0.000000,0.000000,N/A,N/A,N/A,N/A,N/A,N/A,N/A,N/A,N/A,N/A,N/A,0,0,0,0.0,0,0,0
1778697211,21,,Aggregated,0.000000,0.000000,N/A,N/A,N/A,N/A,N/A,N/A,N/A,N/A,N/A,N/A,N/A,0,0,0,0.0,0,0,0
1778697212,24,,Aggregated,0.000000,0.000000,N/A,N/A,N/A,N/A,N/A,N/A,N/A,N/A,N/A,N/A,N/A,0,0,0,0.0,0,0,0
1778697213,24,,Aggregated,0.000000,0.000000,5700,6600,6800,6800,7800,8100,8100,8100,8100,8100,8100,16,0,5500,5498.584512499292,2714.8041000036756,8051.932099995611,33.0
1778697214,24,,Aggregated,0.000000,0.000000,4200,5500,5700,6800,7700,7800,8100,8100,8100,8100,8100,25,0,4200,4344.247835999413,525.8897000021534,8051.932099995611,32.2
1778697215,24,,Aggregated,0.000000,0.000000,4200,5500,5700,6600,7700,7800,8100,8100,8100,8100,8100,26,0,3900,4181.967442307024,124.95759999728762,8051.932099995611,32.23076923076923
1778697216,24,,Aggregated,2.555556,0.000000,3200,4700,5700,5700,6800,7800,8100,8100,8100,8100,8100,31,0,3200,3780.8696935476733,124.95759999728762,8051.932099995611,29.129032258064516
1778697217,24,,Aggregated,2.600000,0.000000,2500,3200,4200,4700,6800,7700,8100,8100,8100,8100,8100,50,0,2500,2918.903981999465,121.43880000076024,8051.932099995611,26.2
1778697218,24,,Aggregated,3.000000,0.000000,2300,2700,3200,3900,5700,6800,7800,8100,8100,8100,8100,73,0,2300,2324.8999520545435,86.45270000124583,8051.932099995611,102.0958904109589
1778697219,24,,Aggregated,4.600000,0.000000,1500,2500,2900,3200,4700,6800,7800,8100,8100,8100,8100,92,0,1000,1867.8776608690976,70.68369999615243,8051.932099995611,267.95652173913044
1778697220,24,,Aggregated,6.600000,0.000000,130,2300,2600,3000,4700,6600,7700,7800,8100,8100,8100,107,0,130,1621.5748831771327,70.68369999615243,8051.932099995611,364.0841121495327
1778697221,24,,Aggregated,8.700000,0.000000,130,2000,2600,2800,4200,5700,7700,7800,8100,8100,8100,121,0,130,1491.7095892559707,70.03059999988182,8051.932099995611,530.595041322314
1778697222,24,,Aggregated,10.400000,0.000000,130,1900,2500,2700,3900,5700,7700,7800,8100,8100,8100,133,0,130,1469.9097127818652,70.03059999988182,8051.932099995611,525.3533834586466
1778697223,24,,Aggregated,11.900000,0.000000,130,1700,2500,2700,3900,5700,7700,7800,8100,8100,8100,136,0,130,1459.6559705881136,70.03059999988182,8051.932099995611,513.9411764705883
1778697224,24,,Aggregated,13.000000,0.000000,170,1700,2500,2600,3900,5700,7700,7800,8100,8100,8100,143,0,170,1471.6957181816679,70.03059999988182,8051.932099995611,489.1748251748252
1778697225,24,,Aggregated,13.000000,0.000000,480,1900,2500,2600,3900,5700,7700,7800,8100,8100,8100,144,0,170,1476.114467360983,70.03059999988182,8051.932099995611,485.8333333333333
1778697226,24,,Aggregated,13.000000,0.000000,480,1900,2500,2600,3900,5700,7700,7800,8100,8100,8100,144,0,170,1476.114467360983,70.03059999988182,8051.932099995611,485.8333333333333
1778697227,24,,Aggregated,13.000000,0.000000,480,1900,2500,2600,3900,5700,7700,7800,8100,8100,8100,144,0,170,1476.114467360983,70.03059999988182,8051.932099995611,485.8333333333333
1778697228,24,,Aggregated,13.000000,0.000000,480,1900,2500,2600,3900,5700,7700,7800,8100,8100,8100,144,0,170,1476.114467360983,70.03059999988182,8051.932099995611,485.8333333333333
1778697229,24,,Aggregated,13.000000,0.000000,480,1900,2500,2600,3900,5700,7700,7800,8100,8100,8100,144,0,170,1476.114467360983,70.03059999988182,8051.932099995611,485.8333333333333
1778697230,24,,Aggregated,13.000000,0.000000,480,1900,2500,2600,3900,5700,7700,7800,8100,8100,8100,144,0,170,1476.114467360983,70.03059999988182,8051.932099995611,485.8333333333333
1778697231,24,,Aggregated,13.000000,0.000000,480,1900,2500,2600,3900,5700,7700,7800,8100,8100,8100,144,0,170,1476.114467360983,70.03059999988182,8051.932099995611,485.8333333333333
1778697232,24,,Aggregated,13.000000,0.000000,480,1900,2500,2600,3900,5700,7700,7800,8100,8100,8100,144,0,170,1476.114467360983,70.03059999988182,8051.932099995611,485.8333333333333
1778697233,24,,Aggregated,13.000000,0.000000,480,1900,2500,2600,3900,5700,7700,7800,8100,8100,8100,144,0,170,1476.114467360983,70.03059999988182,8051.932099995611,485.8333333333333
1778697234,24,,Aggregated,1.400000,0.000000,1000,2100,2600,3100,5700,8700,11000,11000,12000,12000,12000,153,0,1000,1991.186675816815,70.03059999988182,11643.331299994315,457.6666666666667
1778697235,24,,Aggregated,0.900000,0.000000,1400,2500,3100,3900,9500,11000,12000,13000,14000,14000,14000,163,0,1400,2587.1964257667228,70.03059999988182,13581.558600002609,430.0184049079755
1778697236,24,,Aggregated,0.500000,0.000000,1100,2400,3100,4200,10000,12000,13000,13000,14000,14000,14000,181,0,1100,2726.190728176731,70.03059999988182,13581.558600002609,395.56353591160223
1778697237,24,,Aggregated,1.000000,0.000000,1000,2100,2900,3900,10000,12000,13000,13000,14000,14000,14000,192,0,930,2603.43648802071,70.03059999988182,13581.558600002609,379.375
1778697238,24,,Aggregated,1.000000,0.000000,1000,2100,2900,3900,10000,12000,13000,13000,14000,14000,14000,192,0,930,2603.43648802071,70.03059999988182,13581.558600002609,379.375
1778697239,24,,Aggregated,1.000000,0.000000,1000,2100,2900,3900,10000,12000,13000,13000,14000,14000,14000,192,0,930,2603.43648802071,70.03059999988182,13581.558600002609,379.375
1778697240,24,,Aggregated,1.000000,0.000000,1000,2100,2900,3900,10000,12000,13000,13000,14000,14000,14000,192,0,930,2603.43648802071,70.03059999988182,13581.558600002609,379.375
1778697241,24,,Aggregated,1.000000,0.000000,1000,2100,2900,3900,10000,12000,13000,13000,14000,14000,14000,192,0,930,2603.43648802071,70.03059999988182,13581.558600002609,379.375
1778697242,24,,Aggregated,1.000000,0.000000,1000,2100,2900,3900,10000,12000,13000,13000,14000,14000,14000,192,0,930,2603.43648802071,70.03059999988182,13581.558600002609,379.375
1778697243,24,,Aggregated,1.000000,0.000000,1000,2100,2900,3900,10000,12000,13000,13000,14000,14000,14000,192,0,930,2603.43648802071,70.03059999988182,13581.558600002609,379.375
1778697244,24,,Aggregated,1.000000,0.000000,1000,2100,2900,3900,10000,12000,13000,13000,14000,14000,14000,192,0,930,2603.43648802071,70.03059999988182,13581.558600002609,379.375
1778697245,24,,Aggregated,1.000000,0.000000,1000,2100,2900,3900,10000,12000,13000,13000,14000,14000,14000,192,0,930,2603.43648802071,70.03059999988182,13581.558600002609,379.375
1778697246,24,,Aggregated,1.000000,0.000000,1000,2100,2900,3900,10000,12000,13000,13000,14000,14000,14000,192,0,930,2603.43648802071,70.03059999988182,13581.558600002609,379.375
1778697247,24,,Aggregated,1.000000,0.000000,1000,2100,2900,3900,10000,12000,13000,13000,14000,14000,14000,192,0,930,2603.43648802071,70.03059999988182,13581.558600002609,379.375
1778697248,24,,Aggregated,1.000000,0.000000,1000,2100,2900,3900,10000,12000,13000,13000,14000,14000,14000,192,0,930,2603.43648802071,70.03059999988182,13581.558600002609,379.375
1778697249,24,,Aggregated,1.000000,0.000000,1000,2100,2900,3900,10000,12000,13000,13000,14000,14000,14000,192,0,930,2603.43648802071,70.03059999988182,13581.558600002609,379.375
1778697250,24,,Aggregated,1.000000,0.000000,1000,2100,2900,3900,10000,12000,13000,13000,14000,14000,14000,192,0,930,2603.43648802071,70.03059999988182,13581.558600002609,379.375
1778697251,24,,Aggregated,1.000000,0.000000,1000,2100,2900,3900,10000,12000,13000,13000,14000,14000,14000,192,0,930,2603.43648802071,70.03059999988182,13581.558600002609,379.375
1778697252,24,,Aggregated,1.000000,0.000000,1000,2100,2900,3900,10000,12000,13000,13000,14000,14000,14000,192,0,930,2603.43648802071,70.03059999988182,13581.558600002609,379.375
1778697253,24,,Aggregated,1.000000,0.000000,1000,2100,2900,3900,10000,12000,13000,13000,14000,14000,14000,192,0,930,2603.43648802071,70.03059999988182,13581.558600002609,379.375
1778697254,24,,Aggregated,1.000000,0.000000,1000,2100,2900,3900,10000,12000,13000,13000,14000,14000,14000,192,0,930,2603.43648802071,70.03059999988182,13581.558600002609,379.375
1778697255,24,,Aggregated,1.000000,0.000000,1000,2100,2900,3900,10000,12000,13000,13000,14000,14000,14000,192,0,930,2603.43648802071,70.03059999988182,13581.558600002609,379.375
1778697256,24,,Aggregated,1.000000,0.000000,1000,2100,2900,3900,10000,12000,13000,13000,14000,14000,14000,192,0,930,2603.43648802071,70.03059999988182,13581.558600002609,379.375
1778697257,24,,Aggregated,1.000000,0.000000,1000,2100,2900,3900,10000,12000,13000,13000,14000,14000,14000,192,0,930,2603.43648802071,70.03059999988182,13581.558600002609,379.375
1778697258,24,,Aggregated,0.000000,0.000000,1100,2500,3200,5500,11000,13000,21000,21000,22000,22000,22000,199,7,1100,3251.8884663315944,70.03059999988182,21558.350700004667,368.56281407035175
1778697259,24,,Aggregated,0.000000,0.000000,1500,2700,6600,10000,20000,21000,22000,22000,22000,22000,22000,216,24,1400,4672.608406018468,70.03059999988182,22063.006200005475,345.22222222222223
1778697260,24,,Aggregated,0.000000,0.000000,1200,2600,5500,9500,20000,21000,22000,22000,22000,22000,22000,227,24,1200,4452.666327753272,70.03059999988182,22063.006200005475,365.8898678414097
1778697261,24,,Aggregated,1.600000,1.600000,1000,2500,4200,8100,14000,21000,22000,22000,22000,22000,22000,242,24,930,4210.781639256132,70.03059999988182,22063.006200005475,401.47520661157023
1778697262,24,,Aggregated,2.700000,2.400000,840,2200,3200,6800,13000,21000,22000,22000,22000,22000,22000,261,24,840,3936.5969176244284,70.03059999988182,22063.006200005475,458.3869731800766
1778697263,24,,Aggregated,3.600000,2.400000,700,1900,3000,5500,13000,21000,22000,22000,22000,22000,22000,282,24,650,3660.536865248164,65.60259999969276,22063.006200005475,504.27659574468083
1778697264,24,,Aggregated,6.000000,2.400000,630,1600,2700,4600,12000,21000,22000,22000,22000,22000,22000,299,24,630,3484.2669173911995,65.60259999969276,22063.006200005475,476.74581939799333
1778697265,24,,Aggregated,7.800000,2.400000,650,1500,2700,4200,12000,21000,22000,22000,22000,22000,22000,303,24,650,3448.185160725951,65.60259999969276,22063.006200005475,473.023102310231
1778697266,24,,Aggregated,9.400000,2.400000,700,1500,2600,3900,12000,21000,22000,22000,22000,22000,22000,312,24,680,3380.3307830127023,65.60259999969276,22063.006200005475,460.93910256410254
1778697267,24,,Aggregated,10.800000,2.400000,740,1600,2600,3600,12000,21000,22000,22000,22000,22000,22000,325,24,740,3312.0938483075824,65.60259999969276,22063.006200005475,448.05538461538464
1778697268,24,,Aggregated,11.300000,2.400000,740,1600,2500,3100,12000,21000,22000,22000,22000,22000,22000,340,24,720,3203.814414117499,65.60259999969276,22063.006200005475,443.1205882352941
1778697269,24,,Aggregated,12.300000,2.400000,710,1500,2500,3100,12000,21000,22000,22000,22000,22000,22000,348,24,700,3142.945995402121,65.60259999969276,22063.006200005475,446.0488505747126
1778697270,24,,Aggregated,13.900000,2.400000,710,1600,2400,2900,11000,21000,22000,22000,22000,22000,22000,356,24,700,3099.912091572878,65.60259999969276,22063.006200005475,443.4831460674157
1778697271,24,,Aggregated,13.400000,0.800000,680,1500,2300,2800,11000,21000,22000,22000,22000,22000,22000,361,24,680,3059.882969251911,65.60259999969276,22063.006200005475,452.90304709141276
1778697272,24,,Aggregated,13.000000,0.000000,650,1500,2300,2900,11000,21000,22000,22000,22000,22000,22000,375,24,650,2986.288304533171,65.60259999969276,22063.006200005475,465.50933333333336
1778697273,24,,Aggregated,13.100000,0.000000,650,1600,2500,3100,11000,20000,22000,22000,22000,22000,22000,393,24,650,2946.036426208548,65.60259999969276,22063.006200005475,481.10687022900765
1778697274,24,,Aggregated,11.200000,0.000000,610,1500,2400,3000,11000,20000,22000,22000,22000,22000,22000,406,24,600,2860.087383004886,65.60259999969276,22063.006200005475,476.30049261083747
1778697275,24,,Aggregated,10.700000,0.000000,580,1400,2200,2800,10000,20000,22000,22000,22000,22000,22000,422,24,560,2768.864645260668,65.60259999969276,22063.006200005475,478.9454976303318
1778697276,24,,Aggregated,11.100000,0.000000,520,1300,2100,2700,9600,20000,22000,22000,22000,22000,22000,442,24,520,2660.01180497734,65.60259999969276,22063.006200005475,506.4095022624434
1778697277,24,,Aggregated,10.900000,0.000000,490,1100,2100,2600,9500,20000,22000,22000,22000,22000,22000,459,24,490,2568.3889490196107,65.60259999969276,22063.006200005475,520.636165577342
1778697278,24,,Aggregated,12.000000,0.000000,480,1100,2000,2600,8700,20000,22000,22000,22000,22000,22000,467,24,480,2530.4055402569825,65.60259999969276,22063.006200005475,512.083511777302
1778697279,24,,Aggregated,13.100000,0.000000,510,1100,1900,2500,8100,14000,22000,22000,22000,22000,22000,483,24,510,2476.9215619048105,65.60259999969276,22063.006200005475,512.6977225672878
1778697280,24,,Aggregated,13.000000,0.000000,490,1100,1700,2500,7800,14000,22000,22000,22000,22000,22000,500,24,490,2409.8331658000407,65.60259999969276,22063.006200005475,508.61
1778697281,24,,Aggregated,12.800000,0.000000,490,980,1600,2300,6800,13000,21000,22000,22000,22000,22000,516,24,490,2351.0280515503805,65.60259999969276,22063.006200005475,503.2732558139535
1778697282,24,,Aggregated,14.100000,0.000000,490,930,1600,2200,6600,13000,21000,22000,22000,22000,22000,531,24,490,2296.0441566854743,65.60259999969276,22063.006200005475,508.4500941619586
1778697283,24,,Aggregated,14.300000,0.000000,490,930,1600,2100,5700,13000,21000,22000,22000,22000,22000,546,24,480,2248.0677536629682,65.60259999969276,22063.006200005475,504.9304029304029
1778697284,24,,Aggregated,15.600000,0.000000,480,920,1500,2100,5700,13000,21000,22000,22000,22000,22000,558,24,480,2212.1458499999676,65.60259999969276,22063.006200005475,511.92652329749103
1778697285,24,,Aggregated,15.700000,0.000000,470,910,1500,2100,4700,13000,21000,22000,22000,22000,22000,579,24,470,2155.749490846312,65.60259999969276,22063.006200005475,510.53367875647666
1778697286,24,,Aggregated,15.200000,0.000000,430,850,1500,2000,4700,12000,21000,22000,22000,22000,22000,590,24,430,2117.856819322053,65.60259999969276,22063.006200005475,520.4389830508475
1778697287,24,,Aggregated,14.900000,0.000000,420,840,1400,1900,4600,12000,21000,22000,22000,22000,22000,613,24,420,2052.8949928222237,65.60259999969276,22063.006200005475,526.0717781402936
1778697288,24,,Aggregated,15.500000,0.000000,400,820,1400,1800,4500,12000,21000,22000,22000,22000,22000,627,24,400,2010.9805523126454,65.60259999969276,22063.006200005475,534.6698564593302
1778697289,24,,Aggregated,14.700000,0.000000,380,810,1300,1700,4300,12000,21000,22000,22000,22000,22000,646,24,380,1958.6425770898559,65.60259999969276,22063.006200005475,524.8560371517028
1778697290,24,,Aggregated,15.200000,0.000000,370,790,1300,1600,4200,12000,21000,22000,22000,22000,22000,662,24,370,1918.2407252266983,65.60259999969276,22063.006200005475,528.5574018126888
1778697291,24,,Aggregated,15.900000,0.000000,350,770,1200,1600,4100,12000,21000,22000,22000,22000,22000,680,24,350,1871.978986176545,65.60259999969276,22063.006200005475,532.7455882352941
1778697292,24,,Aggregated,15.600000,0.000000,340,760,1200,1600,3900,12000,21000,22000,22000,22000,22000,694,24,340,1840.165978674393,65.60259999969276,22063.006200005475,532.5129682997118
1778697293,24,,Aggregated,16.200000,0.000000,320,750,1100,1600,3700,11000,21000,22000,22000,22000,22000,705,24,320,1817.970309787277,65.60259999969276,22063.006200005475,530.2609929078014
1778697294,24,,Aggregated,16.100000,0.000000,310,740,1200,1600,3600,11000,21000,22000,22000,22000,22000,724,24,310,1784.5886737569429,65.60259999969276,22063.006200005475,533.139502762431
1778697295,24,,Aggregated,16.000000,0.000000,310,730,1100,1600,3400,11000,21000,22000,22000,22000,22000,739,24,310,1755.0833566982806,65.60259999969276,22063.006200005475,528.7307171853856
1778697296,24,,Aggregated,15.800000,0.000000,310,720,1100,1600,3200,11000,21000,22000,22000,22000,22000,754,24,310,1729.6474438992364,65.60259999969276,22063.006200005475,532.0371352785146
1778697297,24,,Aggregated,16.800000,0.000000,290,680,1100,1500,3200,11000,21000,22000,22000,22000,22000,768,24,290,1700.2636809896246,65.60259999969276,22063.006200005475,537.55859375
1778697298,24,,Aggregated,16.000000,0.000000,280,650,1100,1500,3200,11000,21000,22000,22000,22000,22000,784,24,280,1679.6381711734973,65.60259999969276,22063.006200005475,536.4744897959183
1778697300,24,,Aggregated,16.200000,0.000000,280,650,1100,1500,3200,11000,21000,22000,22000,22000,22000,797,24,280,1670.3327452948843,65.60259999969276,22063.006200005475,538.2070263488081
1778697301,24,,Aggregated,15.500000,0.000000,280,650,1100,1500,3100,11000,21000,22000,22000,22000,22000,810,24,270,1646.5694834568053,65.60259999969276,22063.006200005475,533.9320987654321
1778697302,24,,Aggregated,15.100000,0.000000,270,650,1100,1500,3100,11000,21000,22000,22000,22000,22000,826,24,270,1630.3573725181968,65.60259999969276,22063.006200005475,534.6682808716707
1778697303,24,,Aggregated,15.100000,0.000000,260,630,1100,1500,3100,11000,21000,22000,22000,22000,22000,840,24,260,1607.75680154766,65.60259999969276,22063.006200005475,544.0285714285715
1778697304,24,,Aggregated,14.600000,0.000000,250,620,1100,1500,3000,10000,21000,22000,22000,22000,22000,853,24,250,1590.0275419695472,65.60259999969276,22063.006200005475,540.8980070339976
1778697305,24,,Aggregated,14.400000,0.000000,250,620,1100,1500,3000,10000,21000,22000,22000,22000,22000,874,24,250,1567.7934819222176,65.60259999969276,22063.006200005475,544.8947368421053
1778697306,24,,Aggregated,14.600000,0.000000,250,600,1100,1500,3000,9600,21000,22000,22000,22000,22000,887,24,250,1548.3440145434208,65.60259999969276,22063.006200005475,547.4306651634723
1778697307,24,,Aggregated,14.800000,0.000000,250,580,1000,1500,2900,9500,21000,22000,22000,22000,22000,908,24,250,1523.2589504405696,65.60259999969276,22063.006200005475,547.364537444934
1778697308,24,,Aggregated,14.600000,0.000000,240,550,1000,1400,2800,8700,21000,22000,22000,22000,22000,925,24,240,1499.0685633513897,65.23499999457272,22063.006200005475,547.6540540540541
1778697309,24,,Aggregated,15.100000,0.000000,240,540,980,1400,2800,8700,21000,22000,22000,22000,22000,938,24,240,1483.4760237740131,65.23499999457272,22063.006200005475,547.1471215351812
1778697310,24,,Aggregated,15.400000,0.000000,240,530,980,1400,2700,8600,20000,22000,22000,22000,22000,951,24,240,1471.7318095688956,65.23499999457272,22063.006200005475,550.8243953732913
1778697311,24,,Aggregated,15.200000,0.000000,240,520,960,1400,2700,8100,20000,22000,22000,22000,22000,964,24,240,1455.4806058091467,65.23499999457272,22063.006200005475,546.7292531120332
1778697312,24,,Aggregated,15.200000,0.000000,240,510,950,1400,2700,8100,20000,22000,22000,22000,22000,979,24,240,1445.3503444331016,65.23499999457272,22063.006200005475,546.4698672114403
1778697313,24,,Aggregated,15.300000,0.000000,240,510,930,1400,2800,7800,20000,22000,22000,22000,22000,989,24,240,1438.3437792720176,65.23499999457272,22063.006200005475,548.2871587462083
1778697314,24,,Aggregated,15.000000,0.000000,230,510,930,1400,2700,7800,20000,22000,22000,22000,22000,998,24,230,1427.0252578156642,65.23499999457272,22063.006200005475,543.5380761523046
1778697315,24,,Aggregated,14.600000,0.000000,230,500,930,1400,2800,7700,20000,21000,22000,22000,22000,1009,24,230,1421.0358507433561,65.23499999457272,22063.006200005475,550.2299306243806
1778697316,24,,Aggregated,14.200000,0.000000,230,500,930,1400,2800,7700,20000,21000,22000,22000,22000,1019,24,230,1420.288114622233,65.23499999457272,22063.006200005475,549.7458292443572
1778697317,24,,Aggregated,13.200000,0.000000,230,500,930,1400,2800,6800,20000,21000,22000,22000,22000,1029,24,230,1422.3428358601086,65.23499999457272,22063.006200005475,546.4674441205053
1778697318,24,,Aggregated,13.200000,0.000000,230,490,930,1400,2800,6800,20000,21000,22000,22000,22000,1041,24,230,1419.3228584054305,65.23499999457272,22063.006200005475,547.1729106628242
1778697319,24,,Aggregated,11.800000,0.000000,220,490,930,1400,2900,6800,20000,21000,22000,22000,22000,1051,24,220,1413.0853232160375,65.23499999457272,22063.006200005475,553.883920076118
1778697320,24,,Aggregated,11.500000,0.000000,220,490,920,1400,2900,6800,20000,21000,22000,22000,22000,1064,24,220,1408.8590171992896,65.23499999457272,22063.006200005475,553.8693609022556
1778697321,24,,Aggregated,11.400000,0.000000,220,480,910,1400,3000,6800,20000,21000,22000,22000,22000,1080,24,220,1404.1000487037397,65.23499999457272,22063.006200005475,552.9314814814815
1778697322,24,,Aggregated,11.300000,0.000000,210,470,880,1400,3000,6800,20000,21000,22000,22000,22000,1094,24,210,1392.677925228538,65.23499999457272,22063.006200005475,552.0383912248628
1778697323,24,,Aggregated,11.200000,0.000000,210,430,850,1400,3000,6600,20000,21000,22000,22000,22000,1105,24,210,1385.252813936666,65.23499999457272,22063.006200005475,554.8742081447964
1778697324,24,,Aggregated,11.500000,0.000000,210,430,880,1400,3000,6200,20000,21000,22000,22000,22000,1121,24,210,1388.871088760065,65.23499999457272,22063.006200005475,555.5887600356824
1778697325,24,,Aggregated,11.800000,0.000000,200,430,880,1400,3000,6200,20000,21000,22000,22000,22000,1139,24,200,1377.3686184372489,65.23499999457272,22063.006200005475,552.4951712028095
1778697326,24,,Aggregated,12.200000,0.000000,200,430,870,1400,3000,6100,20000,21000,22000,22000,22000,1153,24,200,1364.4698612315844,65.23499999457272,22063.006200005475,556.9540329575021
1778697327,24,,Aggregated,12.900000,0.000000,200,420,840,1300,2900,6100,20000,21000,22000,22000,22000,1171,24,200,1345.5495718189727,65.23499999457272,22063.006200005475,558.2399658411614
1778697328,24,,Aggregated,13.200000,0.000000,200,410,840,1300,2800,5900,20000,21000,22000,22000,22000,1185,24,200,1334.9824728270294,65.23499999457272,22063.006200005475,565.220253164557
1778697329,24,,Aggregated,13.900000,0.000000,190,400,830,1300,2800,5900,20000,21000,22000,22000,22000,1199,24,190,1323.8464641368103,65.23499999457272,22063.006200005475,562.2018348623853
1778697330,24,,Aggregated,14.300000,0.000000,200,400,820,1300,2800,5700,14000,21000,22000,22000,22000,1215,24,200,1310.3342749794406,65.23499999457272,22063.006200005475,557.5506172839506
1778697331,24,,Aggregated,14.600000,0.000000,200,400,820,1300,2800,5700,14000,21000,22000,22000,22000,1227,24,200,1306.5328223309125,65.23499999457272,22063.006200005475,558.1132844335779
1778697332,24,,Aggregated,15.000000,0.000000,200,390,810,1300,2800,5700,14000,21000,22000,22000,22000,1240,24,200,1297.3759398387415,65.23499999457272,22063.006200005475,557.7862903225806
1778697333,24,,Aggregated,15.000000,0.000000,200,400,820,1300,2800,5600,13000,21000,22000,22000,22000,1253,24,200,1301.126310295337,65.23499999457272,22063.006200005475,557.4804469273743
1778697334,24,,Aggregated,14.600000,0.000000,200,400,820,1300,2800,5600,13000,21000,22000,22000,22000,1260,24,200,1296.0222438889332,65.23499999457272,22063.006200005475,555.1126984126984
1778697335,24,,Aggregated,14.200000,0.000000,200,400,800,1300,2800,5500,13000,21000,22000,22000,22000,1273,24,200,1286.0490067557232,65.23499999457272,22063.006200005475,556.7792615868028
1778697336,24,,Aggregated,14.000000,0.000000,200,400,820,1300,2900,5400,13000,21000,22000,22000,22000,1297,24,200,1288.3210125674905,65.23499999457272,22063.006200005475,562.9175019275251
1778697337,24,,Aggregated,13.300000,0.000000,200,390,820,1300,2900,5300,13000,21000,22000,22000,22000,1307,24,200,1279.486661285411,65.23499999457272,22063.006200005475,563.5883703136955
1778697338,24,,Aggregated,13.500000,0.000000,190,380,790,1300,2800,5300,13000,21000,22000,22000,22000,1331,24,190,1259.1098425244295,65.23499999457272,22063.006200005475,558.9218632607062
1778697339,24,,Aggregated,14.300000,0.000000,190,370,780,1300,2800,5100,13000,21000,22000,22000,22000,1349,24,190,1243.9253091178741,65.23499999457272,22063.006200005475,566.7487027427725
1778697340,24,,Aggregated,13.900000,0.000000,190,360,760,1200,2700,4900,13000,21000,22000,22000,22000,1369,24,190,1228.3477641344027,65.23499999457272,22063.006200005475,567.8254200146092
1778697341,24,,Aggregated,14.600000,0.000000,180,360,740,1100,2700,4900,13000,21000,22000,22000,22000,1389,24,180,1212.958342980567,65.23499999457272,22063.006200005475,566.7940964722823
1778697342,24,,Aggregated,15.000000,0.000000,180,340,720,1100,2700,4800,13000,21000,22000,22000,22000,1409,24,180,1197.7626755145602,65.23499999457272,22063.006200005475,565.5649396735273
1778697343,24,,Aggregated,15.500000,0.000000,170,320,700,1100,2600,4800,13000,21000,22000,22000,22000,1428,24,170,1183.730846358558,65.23499999457272,22063.006200005475,565.4243697478992
1778697344,24,,Aggregated,16.500000,0.000000,170,320,650,1100,2600,4700,13000,21000,22000,22000,22000,1444,24,170,1173.594351038818,57.62920000415761,22063.006200005475,567.3421052631579
1778697345,24,,Aggregated,17.400000,0.000000,170,320,650,1100,2600,4700,12000,21000,22000,22000,22000,1462,24,170,1160.9405045144063,57.62920000415761,22063.006200005475,562.5902872777018
1778697346,24,,Aggregated,18.200000,0.000000,170,320,650,1100,2500,4700,12000,21000,22000,22000,22000,1481,24,170,1153.447509588151,57.62920000415761,22063.006200005475,566.7677245104659
1778697347,24,,Aggregated,18.300000,0.000000,170,320,650,1000,2500,4700,12000,21000,22000,22000,22000,1493,24,170,1146.2901042867147,57.62920000415761,22063.006200005475,567.0931011386471
1778697348,24,,Aggregated,18.800000,0.000000,180,320,630,1000,2500,4700,12000,21000,22000,22000,22000,1512,24,170,1136.2259100529532,57.62920000415761,22063.006200005475,566.9636243386243
1778697349,24,,Aggregated,18.000000,0.000000,180,330,620,980,2500,4700,12000,21000,22000,22000,22000,1528,24,180,1127.8938703534477,57.62920000415761,22063.006200005475,573.3187172774869
1778697350,24,,Aggregated,18.600000,0.000000,180,340,620,960,2500,4600,12000,21000,22000,22000,22000,1543,24,180,1121.4228871030864,57.62920000415761,22063.006200005475,570.1263771872975
1778697351,24,,Aggregated,18.000000,0.000000,180,350,620,950,2400,4600,12000,21000,22000,22000,22000,1559,24,180,1114.1839834509697,57.62920000415761,22063.006200005475,572.264271969211
1778697352,24,,Aggregated,17.200000,0.000000,180,360,640,960,2400,4600,12000,21000,22000,22000,22000,1574,24,180,1110.2755191232943,57.62920000415761,22063.006200005475,570.0171537484117
1778697353,24,,Aggregated,17.100000,0.000000,180,360,630,930,2300,4500,12000,21000,22000,22000,22000,1591,24,180,1100.9663190446604,57.62920000415761,22063.006200005475,569.0609679446889
1778697354,24,,Aggregated,16.200000,0.000000,190,360,620,930,2300,4400,12000,21000,22000,22000,22000,1605,24,190,1094.5462038629507,57.62920000415761,22063.006200005475,567.0448598130841
1778697355,24,,Aggregated,16.300000,0.000000,190,360,610,910,2300,4300,12000,21000,22000,22000,22000,1625,24,190,1085.1651129231027,57.62920000415761,22063.006200005475,566.8393846153846
1778697356,24,,Aggregated,15.800000,0.000000,180,360,590,870,2300,4300,12000,21000,22000,22000,22000,1642,24,180,1075.2630794153733,57.62920000415761,22063.006200005475,570.2028014616321
1778697357,24,,Aggregated,16.500000,0.000000,180,350,580,850,2200,4300,12000,21000,22000,22000,22000,1662,24,180,1064.3412951263988,57.62920000415761,22063.006200005475,570.09265944645
1778697358,24,,Aggregated,16.000000,0.000000,180,340,570,840,2200,4300,12000,21000,22000,22000,22000,1678,24,180,1055.3491856973035,57.62920000415761,22063.006200005475,575.1412395709177
1778697359,24,,Aggregated,16.700000,0.000000,180,340,560,820,2200,4200,12000,21000,22000,22000,22000,1700,24,170,1043.9700992353378,57.62920000415761,22063.006200005475,570.9
1778697360,24,,Aggregated,16.500000,0.000000,170,320,540,810,2100,4200,12000,21000,22000,22000,22000,1718,24,170,1034.352706635667,57.62920000415761,22063.006200005475,574.0430733410943
1778697361,24,,Aggregated,16.700000,0.000000,170,320,530,800,2100,4200,12000,21000,22000,22000,22000,1739,24,170,1023.6733388729583,57.62920000415761,22063.006200005475,569.4284071305348
1778697362,24,,Aggregated,17.300000,0.000000,170,310,510,790,2100,4200,11000,21000,22000,22000,22000,1759,24,170,1013.6037540080054,57.62920000415761,22063.006200005475,569.5173393973848
1778697363,24,,Aggregated,17.600000,0.000000,170,310,510,780,2100,4100,11000,21000,22000,22000,22000,1778,24,170,1004.709170078794,57.62920000415761,22063.006200005475,574.7958380202475
1778697364,24,,Aggregated,18.000000,0.000000,170,310,510,780,2100,4100,11000,21000,22000,22000,22000,1799,24,170,994.5807349639213,57.62920000415761,22063.006200005475,571.8849360755976
1778697365,24,,Aggregated,18.200000,0.000000,170,310,500,760,2100,4100,11000,21000,22000,22000,22000,1816,24,170,986.8767499449788,57.62920000415761,22063.006200005475,574.227973568282
1778697366,24,,Aggregated,19.000000,0.000000,170,310,490,760,2100,3900,11000,21000,22000,22000,22000,1834,24,170,978.7471750818355,57.62920000415761,22063.006200005475,575.2720828789531
1778697367,24,,Aggregated,18.700000,0.000000,170,300,490,740,2100,3900,11000,21000,22000,22000,22000,1855,24,170,969.3447301348202,57.62920000415761,22063.006200005475,573.1293800539083
1778697368,24,,Aggregated,19.200000,0.000000,170,290,480,720,2000,3900,11000,21000,22000,22000,22000,1876,24,170,960.2237148721093,57.62920000415761,22063.006200005475,571.772921108742
1778697369,24,,Aggregated,18.700000,0.000000,160,280,470,700,2000,3800,11000,21000,22000,22000,22000,1898,24,160,950.6697811907628,57.62920000415761,22063.006200005475,571.2892518440464
1778697370,24,,Aggregated,19.200000,0.000000,160,280,460,680,2000,3800,11000,20000,22000,22000,22000,1914,24,160,943.9693850052577,57.62920000415761,22063.006200005475,573.4759665621734
1778697371,24,,Aggregated,19.300000,0.000000,160,280,450,660,2000,3700,11000,20000,22000,22000,22000,1933,24,160,936.451312364237,57.62920000415761,22063.006200005475,574.8561821003622
1778697372,24,,Aggregated,19.700000,0.000000,160,280,440,650,1900,3700,11000,20000,22000,22000,22000,1954,24,160,927.8476685773114,57.62920000415761,22063.006200005475,574.2558853633573
1778697373,24,,Aggregated,19.500000,0.000000,160,280,430,650,1900,3600,11000,20000,22000,22000,22000,1971,24,160,921.0458514967398,57.62920000415761,22063.006200005475,575.3592085235921
1778697374,24,,Aggregated,19.400000,0.000000,160,270,430,630,1900,3600,11000,20000,22000,22000,22000,1991,24,160,913.176816926201,57.62920000415761,22063.006200005475,576.9236564540432
1778697375,24,,Aggregated,19.400000,0.000000,160,270,420,620,1900,3600,11000,20000,22000,22000,22000,2011,24,160,905.5211141223548,57.62920000415761,22063.006200005475,574.6837394331178
1778697376,24,,Aggregated,19.200000,0.000000,160,260,420,620,1900,3600,11000,20000,22000,22000,22000,2030,24,160,898.342556699532,57.62920000415761,22063.006200005475,574.2458128078817
1778697377,24,,Aggregated,19.100000,0.000000,160,260,410,600,1800,3400,11000,20000,22000,22000,22000,2049,24,160,891.3944615422416,57.62920000415761,22063.006200005475,574.2864812103466
1778697378,24,,Aggregated,19.400000,0.000000,160,250,400,590,1800,3400,11000,20000,22000,22000,22000,2069,24,160,884.0028826486536,57.62920000415761,22063.006200005475,578.5031416143064
1778697379,24,,Aggregated,19.500000,0.000000,150,250,400,580,1800,3400,11000,20000,22000,22000,22000,2090,24,150,876.4504573684341,57.62920000415761,22063.006200005475,574.62009569378
1778697380,24,,Aggregated,19.500000,0.000000,150,250,390,570,1700,3400,10000,20000,22000,22000,22000,2109,24,150,869.7301553342985,57.62920000415761,22063.006200005475,575.9217638691323
1778697381,24,,Aggregated,18.900000,0.000000,150,250,390,560,1700,3300,10000,20000,22000,22000,22000,2129,24,150,862.736138938483,57.62920000415761,22063.006200005475,576.933771723814
1778697382,24,,Aggregated,19.100000,0.000000,150,240,390,550,1700,3300,10000,20000,22000,22000,22000,2149,24,150,856.0377038622788,57.62920000415761,22063.006200005475,577.4778966961377
1778697383,24,,Aggregated,19.200000,0.000000,150,240,390,530,1700,3300,10000,20000,22000,22000,22000,2169,24,150,849.356588888903,57.62920000415761,22063.006200005475,576.7782388197326
1778697384,24,,Aggregated,19.400000,0.000000,150,240,380,530,1700,3300,10000,20000,22000,22000,22000,2188,24,150,843.0984615173752,57.62920000415761,22063.006200005475,577.723491773309
1778697385,24,,Aggregated,19.400000,0.000000,150,230,380,520,1600,3300,9600,20000,22000,22000,22000,2208,24,150,836.9847051177652,57.62920000415761,22063.006200005475,578.0013586956521
1778697386,24,,Aggregated,19.300000,0.000000,150,230,370,510,1600,3300,9600,20000,22000,22000,22000,2227,24,150,831.0217884598186,57.62920000415761,22063.006200005475,576.8549618320611
1778697387,24,,Aggregated,20.100000,0.000000,150,230,360,510,1600,3200,9600,20000,22000,22000,22000,2249,24,150,824.2075262338866,57.62920000415761,22063.006200005475,575.536682970209
1778697388,24,,Aggregated,19.200000,0.000000,150,220,360,500,1600,3200,9500,20000,22000,22000,22000,2268,24,150,818.6556921075822,57.62920000415761,22063.006200005475,579.4779541446209
1778697389,24,,Aggregated,19.400000,0.000000,150,220,360,500,1600,3200,9500,20000,22000,22000,22000,2284,24,150,814.0682376532355,57.62920000415761,22063.006200005475,579.1326619964974
1778697390,24,,Aggregated,19.400000,0.000000,150,220,350,490,1600,3200,8700,20000,22000,22000,22000,2303,24,150,808.5934416847565,57.62920000415761,22063.006200005475,575.1741207121146
1778697391,24,,Aggregated,20.100000,0.000000,150,220,340,490,1600,3200,8700,20000,22000,22000,22000,2324,24,150,802.4555975903461,57.62920000415761,22063.006200005475,577.9883820998278
1778697392,24,,Aggregated,19.200000,0.000000,150,220,340,490,1600,3200,8700,20000,22000,22000,22000,2341,24,150,798.3435269115598,57.62920000415761,22063.006200005475,578.7026911576249
1778697393,24,,Aggregated,19.500000,0.000000,150,220,340,490,1500,3200,8600,20000,22000,22000,22000,2359,24,150,793.9844079694586,57.62920000415761,22063.006200005475,579.0317931326833
1778697394,24,,Aggregated,19.400000,0.000000,150,220,340,480,1500,3100,8600,20000,22000,22000,22000,2378,24,150,789.5902373843395,57.62920000415761,22063.006200005475,577.7249789739277
1778697395,24,,Aggregated,19.100000,0.000000,150,220,340,480,1500,3100,8600,20000,22000,22000,22000,2399,24,150,784.4819171737987,57.62920000415761,22063.006200005475,580.4243434764485
1778697396,24,,Aggregated,19.000000,0.000000,150,220,340,470,1500,3100,8100,14000,22000,22000,22000,2422,24,150,778.7880364987458,57.62920000415761,22063.006200005475,581.0536746490503
1778697397,24,,Aggregated,18.700000,0.000000,150,220,330,470,1500,3100,8100,14000,22000,22000,22000,2440,24,150,774.0269774590117,57.62920000415761,22063.006200005475,578.4110655737705
1778697398,24,,Aggregated,19.100000,0.000000,150,220,330,470,1500,3100,7800,14000,22000,22000,22000,2460,24,150,769.5331274796794,57.62920000415761,22063.006200005475,577.7426829268293
1778697399,24,,Aggregated,19.300000,0.000000,150,220,320,460,1500,3100,7800,14000,22000,22000,22000,2474,24,150,765.9663998787507,57.62920000415761,22063.006200005475,577.465238480194
1778697400,24,,Aggregated,18.900000,0.000000,150,210,320,450,1400,3000,7800,14000,22000,22000,22000,2494,24,150,760.8410710104312,57.62920000415761,22063.006200005475,578.7955092221331
1778697401,24,,Aggregated,18.900000,0.000000,150,210,320,440,1400,3000,7700,13000,22000,22000,22000,2511,24,150,756.560271923546,57.62920000415761,22063.006200005475,580.1867781760255
1778697402,24,,Aggregated,18.800000,0.000000,150,210,310,430,1400,3000,7700,13000,22000,22000,22000,2535,24,150,750.6515917554284,57.62920000415761,22063.006200005475,580.6950690335306
1778697403,24,,Aggregated,18.500000,0.000000,150,210,310,430,1400,3000,7600,13000,22000,22000,22000,2552,24,150,746.532650078361,57.62920000415761,22063.006200005475,579.9471003134796
1778697404,24,,Aggregated,18.700000,0.000000,150,210,310,430,1400,3000,7600,13000,22000,22000,22000,2569,24,150,742.7763847022006,57.62920000415761,22063.006200005475,581.9170883612301
1778697406,24,,Aggregated,19.100000,0.000000,150,210,310,420,1300,2900,7600,13000,22000,22000,22000,2593,24,150,738.3157769764588,57.62920000415761,22063.006200005475,578.3852680293097
1778697407,24,,Aggregated,18.700000,0.000000,150,210,310,420,1300,2900,7500,13000,22000,22000,22000,2611,24,150,734.651267483711,57.62920000415761,22063.006200005475,580.3259287629261
1778697408,24,,Aggregated,18.700000,0.000000,150,210,310,420,1300,2800,7500,13000,22000,22000,22000,2626,24,150,731.8193266564988,57.62920000415761,22063.006200005475,579.5133282559025
1778697409,24,,Aggregated,19.100000,0.000000,150,210,310,420,1300,2800,7500,13000,22000,22000,22000,2639,24,150,729.0477655930202,57.62920000415761,22063.006200005475,580.4789693065555
1778697410,24,,Aggregated,18.700000,0.000000,150,210,310,420,1300,2800,6800,13000,22000,22000,22000,2662,24,150,726.5074892561902,57.62920000415761,22063.006200005475,582.0229151014275
1778697411,24,,Aggregated,17.800000,0.000000,150,210,310,420,1300,2800,6800,13000,22000,22000,22000,2679,24,150,722.724974729366,57.62920000415761,22063.006200005475,582.6595744680851
1778697412,24,,Aggregated,18.700000,0.000000,150,210,310,420,1300,2800,6800,13000,22000,22000,22000,2698,24,150,718.673008969592,57.62920000415761,22063.006200005475,580.247590808006
1778697413,24,,Aggregated,18.300000,0.000000,150,210,310,420,1300,2800,6800,13000,22000,22000,22000,2720,24,150,714.5993123161617,57.62920000415761,22063.006200005475,581.8452205882353
1778697414,24,,Aggregated,18.500000,0.000000,150,210,310,410,1300,2700,6800,13000,22000,22000,22000,2737,24,150,712.1180916331599,57.62920000415761,22063.006200005475,581.6507124588966
1778697415,24,,Aggregated,18.400000,0.000000,150,210,310,420,1200,2700,6600,13000,22000,22000,22000,2757,24,150,709.4913236126056,57.62920000415761,22063.006200005475,579.790714544795
1778697416,24,,Aggregated,18.100000,0.000000,150,210,310,420,1200,2700,6600,13000,22000,22000,22000,2771,24,150,706.9304291591321,57.62920000415761,22063.006200005475,582.4738361602309
1778697417,24,,Aggregated,18.500000,0.000000,150,220,310,410,1200,2700,6600,13000,22000,22000,22000,2789,24,150,703.8662506274433,57.62920000415761,22063.006200005475,581.1168877733954
1778697418,24,,Aggregated,17.700000,0.000000,150,210,310,410,1200,2700,6200,13000,22000,22000,22000,2809,24,150,700.0144127447326,57.62920000415761,22063.006200005475,583.754360982556
1778697419,24,,Aggregated,17.900000,0.000000,150,220,310,400,1100,2600,6200,13000,22000,22000,22000,2827,24,150,697.1328951538585,57.62920000415761,22063.006200005475,581.8351609480014
1778697420,24,,Aggregated,18.200000,0.000000,150,220,310,400,1100,2600,6200,13000,22000,22000,22000,2848,24,150,693.2592307232965,57.62920000415761,22063.006200005475,581.2152387640449
1778697421,24,,Aggregated,18.500000,0.000000,150,210,310,400,1100,2600,6100,13000,22000,22000,22000,2866,24,150,689.833668946242,57.62920000415761,22063.006200005475,581.6168876482903
1778697422,24,,Aggregated,18.300000,0.000000,150,210,300,390,1100,2600,6100,13000,22000,22000,22000,2885,24,150,686.2276299133172,57.62920000415761,22063.006200005475,581.484575389948
1778697423,24,,Aggregated,18.800000,0.000000,150,210,300,390,1100,2600,6100,12000,22000,22000,22000,2904,24,150,682.8038903236637,57.62920000415761,22063.006200005475,582.2475895316804
1778697424,24,,Aggregated,18.500000,0.000000,150,210,300,390,1100,2600,6100,12000,22000,22000,22000,2928,24,150,678.3155566939589,57.62920000415761,22063.006200005475,584.5382513661202
1778697425,24,,Aggregated,18.400000,0.000000,150,210,300,390,1100,2500,6100,12000,22000,22000,22000,2947,24,150,674.8707607397029,57.62920000415761,22063.006200005475,584.4238208347472
1778697426,24,,Aggregated,18.600000,0.000000,150,210,300,390,1100,2500,5900,12000,22000,22000,22000,2959,24,150,673.0719328827008,57.62920000415761,22063.006200005475,583.3146333220683
1778697427,24,,Aggregated,18.900000,0.000000,150,210,300,390,1100,2500,5900,12000,22000,22000,22000,2979,24,150,671.0183758979227,57.62920000415761,22063.006200005475,582.332661967103
1778697428,24,,Aggregated,18.600000,0.000000,150,210,300,390,1000,2500,5700,12000,22000,22000,22000,3002,24,150,667.3153558294122,57.62920000415761,22063.006200005475,581.7891405729514
1778697429,24,,Aggregated,19.000000,0.000000,150,210,300,390,1000,2500,5700,12000,22000,22000,22000,3019,24,150,664.7862515402136,57.62920000415761,22063.006200005475,582.5011593242796
1778697430,24,,Aggregated,19.100000,0.000000,150,210,300,390,1000,2500,5700,12000,22000,22000,22000,3036,24,150,662.4563461791503,57.62920000415761,22063.006200005475,582.0434782608696
1778697431,24,,Aggregated,19.300000,0.000000,150,210,300,390,1000,2500,5700,12000,22000,22000,22000,3054,24,150,659.7572576620444,57.62920000415761,22063.006200005475,582.6686313032089
1778697432,24,,Aggregated,18.800000,0.000000,150,220,300,390,1000,2500,5700,12000,22000,22000,22000,3073,24,150,657.2345688577567,57.62920000415761,22063.006200005475,584.4917019199479
1778697433,24,,Aggregated,18.200000,0.000000,150,220,290,390,990,2500,5700,12000,22000,22000,22000,3090,24,150,654.6782340452725,57.62920000415761,22063.006200005475,585.2754045307444
1778697434,24,,Aggregated,18.600000,0.000000,150,220,300,390,980,2400,5600,12000,22000,22000,22000,3107,24,150,653.2028894431592,57.62920000415761,22063.006200005475,584.3962021242356
1778697435,24,,Aggregated,18.500000,0.000000,150,220,300,390,960,2400,5600,12000,22000,22000,22000,3122,24,150,651.7897319666552,57.62920000415761,22063.006200005475,583.8581037796284
1778697436,24,,Aggregated,18.100000,0.000000,150,220,300,390,960,2400,5600,12000,22000,22000,22000,3142,24,150,649.7488393697989,57.62920000415761,22063.006200005475,582.8510502864417
1778697437,24,,Aggregated,17.500000,0.000000,150,220,310,390,960,2400,5500,12000,22000,22000,22000,3159,24,150,647.6906649888929,57.62920000415761,22063.006200005475,582.6454574232353
1778697438,24,,Aggregated,18.000000,0.000000,150,220,310,390,950,2300,5500,12000,22000,22000,22000,3177,24,150,645.5143539817147,57.62920000415761,22063.006200005475,582.9017941454202
1778697439,24,,Aggregated,17.500000,0.000000,150,220,310,390,940,2300,5500,12000,22000,22000,22000,3191,24,150,643.6251102162051,57.62920000415761,22063.006200005475,582.8053901598245
1778697440,24,,Aggregated,17.400000,0.000000,150,220,310,390,930,2300,5400,12000,22000,22000,22000,3211,24,150,640.9467445032399,57.62920000415761,22063.006200005475,584.9047025848645
1778697441,24,,Aggregated,16.800000,0.000000,150,220,310,390,930,2300,5400,12000,22000,22000,22000,3230,24,150,638.6298944581746,57.62920000415761,22063.006200005475,585.6294117647059
1778697442,24,,Aggregated,17.100000,0.000000,150,220,310,390,920,2300,5400,12000,22000,22000,22000,3245,24,150,636.9436272726971,57.62920000415761,22063.006200005475,585.6027734976888
1778697443,24,,Aggregated,17.400000,0.000000,150,230,310,390,910,2300,5300,12000,22000,22000,22000,3264,24,150,635.2435669423737,57.62920000415761,22063.006200005475,584.8676470588235
1778697444,24,,Aggregated,17.000000,0.000000,160,230,310,390,910,2300,5300,12000,22000,22000,22000,3279,24,160,634.1049453796597,57.62920000415761,22063.006200005475,583.7645623665752
1778697445,24,,Aggregated,16.700000,0.000000,160,230,310,390,880,2300,5300,12000,22000,22000,22000,3299,24,160,631.9002131554806,57.62920000415761,22063.006200005475,582.7129433161564
1778697446,24,,Aggregated,17.000000,0.000000,160,230,310,390,870,2200,5300,12000,22000,22000,22000,3317,24,160,629.7664353632606,57.62920000415761,22063.006200005475,584.8968947844438
1778697447,24,,Aggregated,17.500000,0.000000,160,230,310,390,850,2200,5300,12000,22000,22000,22000,3335,24,160,628.2974069565037,57.62920000415761,22063.006200005475,584.3259370314843
1778697448,24,,Aggregated,17.200000,0.000000,160,230,310,390,850,2200,5300,12000,22000,22000,22000,3343,24,160,627.3680675740209,57.62920000415761,22063.006200005475,585.0023930601257
1778697449,24,,Aggregated,17.400000,0.000000,160,230,310,390,880,2200,5100,12000,22000,22000,22000,3363,24,160,628.1914242343026,57.62920000415761,22063.006200005475,584.4487065120428
1778697450,24,,Aggregated,16.800000,0.000000,160,230,310,390,880,2200,5100,12000,22000,22000,22000,3381,24,160,626.7835413487053,57.62920000415761,22063.006200005475,587.2437148772552
1778697451,24,,Aggregated,16.400000,0.000000,160,240,310,390,880,2200,5100,12000,22000,22000,22000,3397,24,160,625.0427958492673,57.62920000415761,22063.006200005475,585.4924933765087
1778697452,24,,Aggregated,16.600000,0.000000,160,230,310,390,870,2100,4900,12000,22000,22000,22000,3419,24,160,622.3110717168689,57.62920000415761,22063.006200005475,585.035097981866
1778697453,24,,Aggregated,17.000000,0.000000,160,230,310,390,850,2100,4900,12000,22000,22000,22000,3434,24,160,620.3380227431473,57.62920000415761,22063.006200005475,583.3273150844497
1778697454,24,,Aggregated,17.300000,0.000000,160,230,310,390,850,2100,4900,12000,22000,22000,22000,3455,24,160,617.4214322720583,57.62920000415761,22063.006200005475,582.8454413892908
1778697455,24,,Aggregated,17.000000,0.000000,160,230,310,390,850,2100,4900,12000,22000,22000,22000,3470,24,160,615.4075190489712,57.62920000415761,22063.006200005475,584.5659942363112
1778697456,24,,Aggregated,17.100000,0.000000,160,230,310,390,840,2100,4900,12000,22000,22000,22000,3491,24,160,612.462551962167,57.62920000415761,22063.006200005475,585.8610713262675
1778697457,24,,Aggregated,16.900000,0.000000,160,230,310,380,840,2100,4800,11000,22000,22000,22000,3512,24,160,609.5713569191106,57.62920000415761,22063.006200005475,585.0370159453303
1778697458,24,,Aggregated,17.400000,0.000000,150,230,310,380,830,2100,4800,11000,22000,22000,22000,3532,24,150,606.802657361246,57.62920000415761,22063.006200005475,586.7766138165346
1778697459,24,,Aggregated,17.000000,0.000000,150,230,310,380,830,2100,4800,11000,22000,22000,22000,3554,24,150,603.815566797945,57.62920000415761,22063.006200005475,585.4836803601576
1778697460,24,,Aggregated,18.200000,0.000000,150,220,300,380,820,2100,4800,11000,22000,22000,22000,3573,24,150,601.3964525608411,57.62920000415761,22063.006200005475,584.3638399104394
1778697461,24,,Aggregated,19.500000,0.000000,150,220,300,370,820,2100,4800,11000,22000,22000,22000,3593,24,150,599.0336336209009,57.62920000415761,22063.006200005475,584.3799053715558
1778697462,24,,Aggregated,19.100000,0.000000,150,220,300,370,820,2100,4700,11000,22000,22000,22000,3611,24,150,596.6769771808098,57.62920000415761,22063.006200005475,585.1661589587372
1778697463,24,,Aggregated,18.600000,0.000000,150,220,300,370,810,2100,4700,11000,22000,22000,22000,3631,24,150,594.1025150371484,57.62920000415761,22063.006200005475,585.827595703663
1778697464,24,,Aggregated,18.800000,0.000000,150,220,290,370,810,2100,4700,11000,22000,22000,22000,3652,24,150,591.4420105969007,57.62920000415761,22063.006200005475,584.5035596933187
1778697465,24,,Aggregated,19.100000,0.000000,150,220,290,370,800,2100,4700,11000,22000,22000,22000,3670,24,150,589.1452249046013,57.62920000415761,22063.006200005475,585.3272479564033
1778697466,24,,Aggregated,19.200000,0.000000,150,220,290,360,790,2100,4700,11000,22000,22000,22000,3693,24,150,586.22600243702,57.62920000415761,22063.006200005475,585.4191714053615
1778697467,24,,Aggregated,19.400000,0.000000,150,220,290,360,790,2100,4700,11000,22000,22000,22000,3708,24,150,584.421502669876,57.62920000415761,22063.006200005475,583.4611650485436
1778697468,24,,Aggregated,19.400000,0.000000,150,220,290,360,790,2000,4700,11000,22000,22000,22000,3733,24,150,581.3700404768092,57.62920000415761,22063.006200005475,586.0975087061345
1778697469,24,,Aggregated,19.900000,0.000000,150,220,290,360,780,2000,4700,11000,22000,22000,22000,3751,24,150,579.2339551586069,57.62920000415761,22063.006200005475,584.7576646227673
1778697470,24,,Aggregated,19.400000,0.000000,150,220,280,360,780,2000,4700,11000,22000,22000,22000,3767,24,150,577.2964254579102,57.62920000415761,22063.006200005475,586.5513671356517
1778697471,24,,Aggregated,19.300000,0.000000,150,210,280,360,780,2000,4700,11000,22000,22000,22000,3788,24,150,574.7887237856264,57.62920000415761,22063.006200005475,585.1560190073918
1778697472,24,,Aggregated,19.400000,0.000000,150,210,280,350,770,2000,4700,11000,22000,22000,22000,3807,24,150,572.582641843962,57.62920000415761,22063.006200005475,586.6430260047281
1778697473,24,,Aggregated,19.600000,0.000000,150,210,280,350,770,2000,4700,11000,22000,22000,22000,3827,24,150,570.2592273059734,57.62920000415761,22063.006200005475,586.4201724588451
1778697474,24,,Aggregated,19.400000,0.000000,150,210,280,350,760,2000,4700,11000,22000,22000,22000,3846,24,150,568.142075689016,57.62920000415761,22063.006200005475,585.0171606864275
1778697475,24,,Aggregated,19.400000,0.000000,150,210,280,350,760,2000,4600,11000,22000,22000,22000,3864,24,150,566.1869540372568,57.62920000415761,22063.006200005475,586.546066252588
1778697476,24,,Aggregated,19.600000,0.000000,150,210,280,350,760,1900,4600,11000,22000,22000,22000,3884,24,150,564.1393708290325,57.62920000415761,22063.006200005475,585.8311019567457
1778697477,24,,Aggregated,19.500000,0.000000,150,210,280,340,760,1900,4600,11000,22000,22000,22000,3904,24,150,561.9575958503985,57.62920000415761,22063.006200005475,586.5543032786885
1778697478,24,,Aggregated,19.400000,0.000000,150,210,280,340,750,1900,4600,11000,22000,22000,22000,3923,24,150,559.9039979862226,57.62920000415761,22063.006200005475,585.2877899566658
1778697479,24,,Aggregated,19.400000,0.000000,150,200,280,340,740,1900,4600,11000,22000,22000,22000,3944,24,150,557.5451058062754,57.62920000415761,22063.006200005475,587.5953346855983
1778697480,24,,Aggregated,19.000000,0.000000,150,200,280,340,740,1900,4500,11000,22000,22000,22000,3964,24,150,555.394024016131,57.62920000415761,22063.006200005475,587.4838546922301
1778697481,24,,Aggregated,19.200000,0.000000,150,200,270,340,740,1900,4500,11000,22000,22000,22000,3986,24,150,553.1156701454902,57.62920000415761,22063.006200005475,585.8998996487707
1778697482,24,,Aggregated,19.400000,0.000000,150,200,270,340,730,1900,4400,11000,22000,22000,22000,4004,24,150,551.2287077921869,57.62920000415761,22063.006200005475,584.4295704295704
1778697483,24,,Aggregated,19.600000,0.000000,150,200,270,340,730,1900,4400,11000,22000,22000,22000,4023,24,150,549.1928891125888,57.62920000415761,22063.006200005475,586.1043997017151
1778697484,24,,Aggregated,19.400000,0.000000,150,200,270,340,720,1900,4400,11000,22000,22000,22000,4040,24,150,547.4608644059263,57.62920000415761,22063.006200005475,586.4356435643564
1778697485,24,,Aggregated,19.800000,0.000000,150,200,270,330,710,1900,4300,11000,22000,22000,22000,4059,24,150,545.5930996304409,57.62920000415761,22063.006200005475,586.980290711998
1778697486,24,,Aggregated,19.500000,0.000000,150,200,270,330,710,1900,4300,11000,22000,22000,22000,4080,24,150,543.3972990441077,57.62920000415761,22063.006200005475,586.8421568627451
1778697487,24,,Aggregated,19.200000,0.000000,150,200,260,330,700,1800,4300,11000,22000,22000,22000,4104,24,150,540.9732194444344,57.62920000415761,22063.006200005475,587.5557992202729
1778697488,24,,Aggregated,19.200000,0.000000,150,200,260,320,700,1800,4300,11000,22000,22000,22000,4121,24,150,539.253402305258,57.62920000415761,22063.006200005475,586.7784518320796
1778697489,24,,Aggregated,19.400000,0.000000,150,200,260,320,690,1800,4300,11000,22000,22000,22000,4142,24,150,537.1827372525263,57.62920000415761,22063.006200005475,586.4065668759054
1778697490,24,,Aggregated,19.900000,0.000000,150,200,260,320,690,1800,4300,11000,22000,22000,22000,4160,24,150,535.419182524031,57.62920000415761,22063.006200005475,586.6100961538461
1778697491,24,,Aggregated,19.300000,0.000000,150,200,260,320,680,1800,4300,11000,22000,22000,22000,4178,24,150,533.6509938247899,57.62920000415761,22063.006200005475,586.0201053135471
1778697492,24,,Aggregated,19.500000,0.000000,150,200,260,320,680,1800,4300,11000,22000,22000,22000,4197,24,150,531.7991309983288,57.62920000415761,22063.006200005475,587.2142006194902
1778697493,24,,Aggregated,19.200000,0.000000,150,200,260,320,680,1700,4200,10000,22000,22000,22000,4216,24,150,530.035717813092,57.62920000415761,22063.006200005475,588.2687381404174
1778697494,24,,Aggregated,19.200000,0.000000,150,190,260,310,680,1700,4200,10000,22000,22000,22000,4239,24,150,527.839081953292,57.62920000415761,22063.006200005475,588.307855626327
1778697495,24,,Aggregated,19.100000,0.000000,150,190,260,310,670,1700,4200,10000,22000,22000,22000,4259,24,150,525.9579287391426,57.62920000415761,22063.006200005475,588.2009861469828
1778697496,24,,Aggregated,19.200000,0.000000,150,190,250,310,670,1700,4200,10000,22000,22000,22000,4276,24,150,524.3925407156255,57.62920000415761,22063.006200005475,586.846585594013
1778697497,24,,Aggregated,19.700000,0.000000,150,190,250,310,660,1700,4200,10000,22000,22000,22000,4296,24,150,522.7076668994428,57.62920000415761,22063.006200005475,586.7970204841713
1778697498,24,,Aggregated,19.800000,0.000000,150,190,250,310,650,1700,4200,10000,22000,22000,22000,4314,24,150,521.2086070468233,57.62920000415761,22063.006200005475,587.1666666666666
1778697499,24,,Aggregated,19.400000,0.000000,150,190,250,310,650,1700,4200,10000,22000,22000,22000,4334,24,150,519.5465008998594,57.62920000415761,22063.006200005475,587.218966312875
1778697500,24,,Aggregated,19.000000,0.000000,150,190,250,310,650,1700,4200,10000,22000,22000,22000,4355,24,150,517.6498344661343,57.62920000415761,22063.006200005475,587.334328358209
1778697501,24,,Aggregated,19.200000,0.000000,150,190,250,310,650,1700,4200,10000,22000,22000,22000,4373,24,150,516.0782400411719,57.62920000415761,22063.006200005475,587.3782300480219
1778697502,24,,Aggregated,19.100000,0.000000,140,190,250,310,640,1700,4200,10000,22000,22000,22000,4394,24,140,514.1872130177616,57.62920000415761,22063.006200005475,588.9303595812471
